"en","ja","zh-TW","kr","zh-CN"
"(not implemented)","(未実装)","(not implemented)","(구현되지 않음)","(未执行)"
"[file not found]","[ファイルが見つかりません]","[找不到檔案]","[파일을 찾을 수 없습니다]","[文件未找到]"
"_PREFIX_TH_","第","第","_PREFIX_TH_","第"
"About {0}","{0}について","關於{0}","{0}에 대하여","关于{0}"
"About Cadencii","Cadenciiについて","關於Cadencii","Cadencii에 대하여","关于Cadencii"
"Accent","アクセント","重音","강조","重音"
"Add","追加","Add","더하기","添加"
"Add new track.","新しいトラックを追加","Add new track.","새 트랙을 더합니다.","添加新音轨."
"Add portamento in falling movement","下行形でポルタメントを付加","在下行形付加滑音","떨어지는 변동에 포르타멘토 더하기","附加下行滑音"
"Add portamento in rising movement","上行形でポルタメントを付加","在上行形付加滑音","올라가는 변동에 포르타멘토 더하기","附加上行滑音"
"Add track","トラックの追加","追加Track","트랙 더하기","添加音轨"
"Add Track","トラックの追加","追加Track","트랙 더하기","添加音轨"
"Add/Remove/Edit background music","BGMの追加・削除・設定を行います","Add/Remove/Edit background music","배경음악을 더하거나 지우고 편집합니다.","添加/删除/编辑背景音乐"
"Affirmation","確認","確認","확인","确认"
"All Files(*.*)|*.*","全てのファイル(*.*)|*.*","所有檔案(*.*)|*.*","모든 파일(*.*)|*.*","所有文件(*.*)|*.*"
"Always perform this check when starting Cadencii.","Cadencii起動時に、常にこれを確認する","Always perform this check when starting Cadencii.","Cadencii를 시작할 때 항상 확인합니다.","始终执行此检查启动时Cadencii。"
"Appearance","外観","外観","모양","外观"
"Apply","適用","Apply","적용","应用"
"Apply to current track","現在のトラックに適用","套入現在的Track","현재 트랙에 적용","应用当前音轨"
"Apply UTAU Parameters","UTAUの原音設定を適用","Apply UTAU Parameters","UTAU 매개 변수 적용","使用UTAU参数"
"AquesTone","AquesTone","AquesTone","AquesTone","AquesTone"
"Arrow","ポインター","游標","화살표","游标"
"Attack","アタック","Attack","어택","起奏"
"Attack Control (VOCALOID1)","Attack Control (VOCALOID1)","Attack Control (VOCALOID1)","어택 제어 (VOCALOID1)","控制起奏(VOCALOID1)"
"Attack Depth","アタックの深さ","Attack Depth","어택 깊이","起奏深度"
"Attack Duration","アタックの長さ","Attack Duration","어택 기간","起奏宽度"
"Auto normalize mode","音符のノーマライズ","自動音符正規化(重疊自動更正)","자동 음표 고치기 모드","自动正常化模式(重叠自动修正)"
"Auto scroll","自動スクロール","Auto scroll","자동 스크롤","Auto scroll"
"Auto Vibrato Type","自動ビブラートの種類","Auto Vibrato Type","자동 떨림 유형","自动颤音类型"
"Automatical Backup","自動バックアップ","Automatical Backup","자동 백업","自动备份"
"Automatically check for updates","更新を自動チェックする","Automatically check for updates","Automatically check for updates","Automatically check for updates"
"Available Dictionaries","利用可能な辞書","可以使用的辭典","사용 가능한 사전","可以使用字典"
"Avoid automaticaly polyphonic editing.","ポリフォニックな音符配置を自動回避","Avoid automaticaly polyphonic editing.","자동으로 화음을 편집하지 않습니다.","避免自动多声部编辑."
"bar","小節","小節","막대","小节"
"beat","拍子","拍子","비트","拍子"
"Beat","拍子","拍子","비트","节拍"
"Beat Change","拍子の変更","變更拍子","비트 바꾸기","变更节拍"
"Bend Depth","ベンドの深さ","Bend深度","벤드 깊이","弯曲(Bend)深度"
"Bend Length","ベンドの長さ","Bend長度","벤드 길이","弯曲(Bend)长度"
"Buffer Size","バッファーサイズ","Buffer Size","버퍼 크기","缓冲大小"
"Cadencii is up to date","Cadencii は最新です","Cadencii is up to date","Cadencii is up to date","Cadencii is up to date"
"Cancel","Cancel","取消","취소","取消"
"cannot create cache directory: '{0}'","キャッシュディレクトリ '{0}' が見つかりませんでした。","cannot create cache directory: '{0}'","캐시 디렉터리를 만들 수 없습니다: '{0}'","cannot create cache directory: '{0}'"
"Cannot remove first symbol of track!","曲頭のシンボルは削除できません！","無法刪除曲頭的符號！","트랙의 첫 번째 기호를 지울 수 없습니다!","无法删除轨道第一个符号！"
"Can't get update information. Please retry after few minutes.","アップデート情報を取得できませんでした。時間をおいてから再度確認して下さい。","Can't get update information. Please retry after few minutes.","Can't get update information. Please retry after few minutes.","Can't get update information. Please retry after few minutes."
"Category","カテゴリー","Category","분류","Category"
"Chagne tool pointer / eraser","ツール切り替え: ポインター / 消しゴム","Chagne tool pointer / eraser","도구 포인터 바꾸기/지우개","更改工具 指针/橡皮擦"
"Change","変更","變更","바꾸기","变更"
"Change pitch drawing mode","ピッチの描画モードを切り替える","Change pitch drawing mode","피치 그리기 모드 바꾸기","更改音轨名"
"Change quantize resolution","クォンタイズの単位長さを変えます","Change quantize resolution","끊어적기 해상도를 바꿉니다.","Change quantize resolution"
"Change tool pointer / pencil","ツール切り替え: ポインター / 鉛筆","Change tool pointer / pencil","도구 포인터 바꾸기/연필","更改工具 指针/铅笔"
"Change track name.","このトラックの名前を変更","Change track name.","트랙 이름을 바꿉니다.","更改音轨名."
"Channel","チャンネル数","Channel","채널","通道"
"Chase Event","過去のイベントを追跡","追蹤Event","이벤트 추적","追踪事件"
"Check All","全てにチェック","全選","모두 선택","全选"
"Check For Updates","アップデートを確認","Check For Updates","Check For Updates","Check For Updates"
"Check the box to use Wine","Wine経由で使う場合チェックを入れて下さい","Check the box to use Wine","와인을 사용하려면 확인란 선택","Check the box to use Wine"
"Choose destination directory","出力先のディレクトリを選択して下さい","Choose destination directory","대상 디렉터리 선택","选择目标目录"
"Clear Menu","メニューを消去","Clear Menu","메뉴 지우기","清除历史"
"Clear menu items","メニューアイテムを消去","Clear menu items","메뉴의 항목들을 지웁니다.","Clear menu items"
"Clock","クロック","Clock","시계","时钟"
"clocks","クロック","clocks","시계","clocks"
"Close this window.","このウィンドウを閉じる","Close this window.","이 창을 닫습니다.","关闭窗口."
"Command","コマンド","Command","명령","命令"
"Completed","完了しました","Completed","Completed","Completed"
"Configuration of palette tool","パレットツールの設定","Configuration of palette tool","팔레트 도구를 구성합니다.","Configuration of palette tool"
"Configuration of this sequence.","このシーケンスの設定","Configuration of this sequence.","이 시퀀스를 구성합니다.","配置这个音序."
"Connect notes","音符の結合","結合音符","음표 잇기","合并音符"
"Connect/Remove/Configure game controler","ゲームコントローラの接続・取り外し・設定を行います","Connect/Remove/Configure game controler","게임 컨트롤러를 연결하거나 지우고 구성합니다.","连接/删除/配置游戏控制器"
"Control Curve","コントロールカーブ","Control Curve","제어 곡선","曲线控制"
"Control track","コントロールトラック","控制軌","트랙 제어","控制音轨"
"Convert","変換","Convert","Convert","Convert"
"Copy","コピー","複製","복사","复制"
"Copy current track.","このトラックをコピー","Copy current track.","현재 트랙을 복사합니다.","复制当前音轨."
"Copy selected items.","選択されたアイテムをコピー","Copy selected items.","선택한 항목을 복사합니다.","复制选择的音符."
"Copy track","トラックのコピー","複製 Track","트랙 복사","复制音轨"
"Copy Track","トラックのコピー","複製 Track","트랙 복사","复制音轨"
"Copy vibrato config of selected item into vibrato preset","選択アイテムのビブラートをビブラートプリセットにコピー","Copy vibrato config of selected item into vibrato preset","선택한 항목의 떨림 구성을 떨림 미리 설정으로 복사합니다.","Copy vibrato config of selected item into vibrato preset"
"Copy vibrato config to preset","ビブラートを定義済み設定にコピー","Copy vibrato config to preset","떨림 구성을 미리 설정으로 복사","颤音配置复制到预设"
"Correct overlapped item.","重複したアイテムを補正する","Correct overlapped item.","겹쳐진 음표를 앞 음표 길이를 줄여 고칩니다.","修正重叠音符."
"Create new project.","新しいプロジェクトを作成","Create new project.","새 프로젝트를 만듭니다.","创建工程."
"Create vConnect-STAND DB","vConnect-STAND用DBを作成","Create vConnect-STAND DB","Create vConnect-STAND DB","Create vConnect-STAND DB"
"Credit","クレジット","工作人員列表","제작진","工作人员列表"
"Current Track","現在のトラック","合成目前這個音軌","현재 트랙","当前音轨"
"Cursor","カーソル","游標","커서","鼠标"
"Curve","カーブ","曲線","곡선","曲线"
"Cut","切り取り","剪下","잘라내기","剪切"
"Cut selected items.","選択されたアイテムを切り取る","Cut selected items.","선택한 항목을 잘라냅니다.","剪切选择的音符."
"Data Poin","データ点","資料點","데이터 Poin","数据点"
"Decay","ディケイ","延遲","감소","延迟"
"Default Singer","デフォルト歌手","預設歌手","기본 가수","默认歌手"
"Default Singer Style","デフォルト歌唱スタイル","預設歌唱設定","기본 가수 스타일","默认歌手风格"
"Default Synthesizer","デフォルトのシンセサイザー","預設歌手","기본 신디사이저","默认合成器"
"Default Vibrato Length","デフォルトビブラート長","預設Vibrato長度","기본 떨림 길이","默认颤音长度"
"Delete","削除","刪除","지우기","刪除"
"Delete bar.","小節を削除","Delete bar.","막대를 지웁니다.","删除小节."
"Delete bars","小節の削除","刪除小節","막대 지우기","刪除小节"
"Delete Bars","小節の削除","刪除小節","막대 지우기","刪除小节"
"Delete Bezier Point","ベジエデータ点を削除","刪除貝茲點","베지어 포인트 지우기","刪除贝尔曲线点"
"Delete current track.","このトラックを削除する","Delete current track.","현재 트랙을 지웁니다.","删除当前音轨."
"Delete selected items.","選択されたアイテムを削除する","Delete selected items.","선택한 항목을 지웁니다.","删除选择的音符."
"Delete track","トラックの削除","刪除Track","트랙 지우기","刪除音轨"
"Delete Track","トラックの削除","刪除Track","트랙 지우기","刪除音轨"
"Depth curve","Depthカーブ","Depth curve","깊이 곡선","Depth curve"
"detail","詳細","detail","자세히","detail"
"Disable","無効化する","Disable","사용 안 함","禁用"
"Disabled","無効","無效","사용 안 함","禁用"
"Do you wish to remove track? {0} : '{1}'","トラック{0} : '{1}'を削除しますか？","Do you wish to remove track? {0} : '{1}'","트랙을 지우시겠습니까? {0} : '{1}'","真的要移除音轨吗? {0} : '{1}'"
"Dot","付点","付點","도트","点"
"Down","下へ","下","아래로","下"
"Down-Portamento","下行形でポルタメント","Down-Portamento","아래로 - 포르타멘토","下行滑音"
"Dynamics Control","ダイナミクスコントロール","力道控制","다이내믹스 제어","力度(DYN)控制"
"Dynamics Control (VOCALOID2)","ダイナミクスコントロール (VOCALOID2)","Dynamics Control (VOCALOID2)","다이내믹스 제어 (VOCALOID2)","DYN控制 (VOCALOID2)"
"Edit","編集","編輯","편집","编辑"
"Edit Bezier Data Point","ベジエデータ点の編集","編輯貝茲曲線資料點","베지어 데이터 포인트 편집","编辑贝尔曲线数据点"
"Edit default singer style","デフォルト歌唱スタイルを編集","Edit default singer style","가수의 기본 노래 스타일을 편집합니다.","Edit default singer style"
"'Edit' Method not implemented","'Edit' メソッドが実装されていません","'Edit' Method not implemented","'편집' 메서드 구현 되지 않음","'Edit' Method not implemented"
"Edit portamento/accent/decay of selected item","選択アイテムのポルタメント・アクセント・ディケイを編集","Edit portamento/accent/decay of selected item","선택한 항목의 포르타멘토, 강조, 감소를 편집합니다.","Edit portamento/accent/decay of selected item"
"Edit Value","値を編集","Edit Value","값 편집","编辑值"
"Edit vibrato length and type of selected item","選択アイテムのビブラートの長さと種類を編集","Edit vibrato length and type of selected item","선택한 항목의 떨림 길이와 형식을 편집합니다.","Edit vibrato length and type of selected item"
"Enable","有効化する","Enable","사용","启用"
"Enable Automatic Vibrato","オートビブラートを有効にする","啟用自動Vibrato","자동 떨림 사용","启用自动颤音"
"Enable current track.","このトラックを有効化する","Enable current track.","현재 트랙을 사용합니다.","启用当前音轨."
"Enable Quantize for Curve Selecting","カーブの選択もクオンタイズする","Enable Quantize for Curve Selecting","커브 선택에 끊어적기 사용","启用节拍的曲线选择"
"Enable Workaround for Wide-Character Path","マルチバイト・パスの次善策を有効にする","Enable Workaround for Wide-Character Path","Enable Workaround for Wide-Character Path","Enable Workaround for Wide-Character Path"
"Enable/Disable end marker.","エンドマーカーを有効化/無効化","Enable/Disable end marker.","끝 표식을 활성화 또는 비활성화합니다.","启用/禁用结束标记."
"Enable/Disable start marker.","スタートマーカーを有効化/無効化","Enable/Disable start marker.","시작 표식을 활성화 또는 비활성화합니다.","启用/禁用起始标记."
"Enabled","有効","有效","사용","启用"
"End","終点","終點","끝","结束"
"End marker","エンドマーカー","結束記號","끝 표식","结束标记"
"Eraser","消しゴム","橡皮擦","지우개","橡皮擦"
"Error","エラー","錯誤","오류","错误"
"Executable(*.exe)|*.exe","実行ファイル(*.exe)|*.exe","Executable(*.exe)|*.exe","실행 파일(*.exe)|*.exe","可执行文件(*.exe)|*.exe"
"Exit","戻る","Exit","닫기","退出"
"Export","書き出し","匯出","내보내기","导出"
"Export all tracks to serial numbered WAVEs","全トラックを連番WAVEに出力","Export all tracks to serial numbered WAVEs","일련번호가 매겨진 WAVE의 모든 트랙을 내보냅니다.","导出所有音轨到serial numbered WAVEs"
"Export current track as Meta-text for vConnect","現在のトラックをvConnect用メタテキストに出力","Export current track as Meta-text for vConnect","현재 트랙을 vConnect용 메타 텍스트로 내보냅니다.","Export current track as Meta-text for vConnect"
"Export current track as Music XML","現在のトラックをMusicXMLに出力","Export current track as Music XML","현재 트랙을 음악 XML로 내보냅니다.","Export current track as Music XML"
"Export current track as UTAU project file","現在のトラックをUTAUプロジェクトファイルに出力","Export current track as UTAU project file","현재 트랙을 UTAU 프로젝트 파일로 내보냅니다.","Export current track as UTAU project file"
"Export pre-measure part","プリメジャー部分をエクスポート","Export pre-measure part","예비 소절 부분 내보내기","导出前置小节部分"
"Export to Standard MIDI.","Standard MIDIファイルにエクスポート","Export to Standard MIDI.","표준 MIDI로 내보냅니다.","导出标准MIDI."
"Export to VSQ","VSQファイルにエクスポート","Export to VSQ","VSQ로 내보냅니다.","导出VSQ文件."
"Export to VSQX","VSQXファイルにエクスポート","Export to VSQX","Export to VSQX","Export to VSQX"
"Export to WAVE file.","WAVEファイルにエクスポート","Export to WAVE file.","WAVE 파일로 내보냅니다.","导出WAVE文件."
"Export UTAU (*.ust)","UTAU形式で出力 (*.ust)","Export UTAU (*.ust)","UTAU(*.ust) 내보내기","导出UTAU(*.ust)"
"Export VSQ (*.vsq)","VSQ形式で出力 (*.vsq)","Export VSQ (*.vsq)","VSQ(*.vsq) 내보내기","导出VSQ(*.vsq)"
"Export VSQX (*.vsqx)","VSQX形式で出力 (*.vsqx)","Export VSQX (*.vsqx)","Export VSQX (*.vsqx)","Export VSQX (*.vsqx)"
"Export.","エクスポート","Export.","내보냅니다.","导出."
"Expression control property","表情コントロールプロパティ","表情控制資訊內容","표현 제어 속성","表情(Expression)控制属性"
"failed copying WAVE cache file, '{0}'.","WAVEキャッシュ、'{0}' のコピーに失敗しました。","failed copying WAVE cache file, '{0}'.","웨이브 캐시 파일 '{0}' 의 복사에 실패했습니다.","WAVE缓存文件复制失败, '{0}'."
"failed copying XML cache file, '{0}'.","XMLキャッシュ、'{0}' のコピーに失敗しました。","failed copying XML cache file, '{0}'.","XML 캐시 파일 '{0}' 의 복사에 실패했습니다.","XML缓存文件复制失败, '{0}'."
"failed creating cache directory, '{0}'.","キャッシュディレクトリ、'{0}' の作成に失敗しました。","failed creating cache directory, '{0}'.","캐시 디렉터리 '{0}' 만들기에 실패했습니다.","创建缓存目录失败, '{0}'."
"Failed loading script.","スクリプトのロードに失敗しました","無法讀取腳本","스크립트를 불러오지 못했습니다.","脚本读取失败"
"Failed to launch Cadencii. Please send the exception report to developer","Cadenciiの起動に失敗しました。以下の例外テキストを開発者に報告してください","Failed to launch Cadencii. Please send the exception report to developer","Cadencii를 실행 하지 못했습니다. 개발자에게 예외 보고서를 보내주십시오","无法启动Cadencii。请将异常报告给开发人员"
"File","ファイル","檔案","파일","文件"
"file '{0}' is already registered as BGM.","ファイル '{0}' は既にBGMに指定されています","file '{0}' is already registered as BGM.","'{0}' 파일은 이미 BGM으로 등록되었습니다.","制定文件 '{0}' 为BGM."
"file not found","ファイルが見つかりません","file not found","파일 찾을 수 없음","文件未找到"
"Fix Song position to Center","ソングポジションを画面中心に固定","Fix Song position to Center","노래 위치를 가운데로 수정","修复歌曲位置至中心"
"Font","フォント","字體","글꼴","字体"
"frame per second","フレーム毎秒","frame per second","초당 프레임","帧/秒"
"From","始点","起點","보낸","开始"
"Game controler","ゲームコントローラ","遊戲控制器","게임 컨트롤러","游戏控制器"
"Game Controler","ゲームコントローラ","遊戲控制器","게임 컨트롤러","游戏控制器"
"Game Controler Configuration","ゲームコントローラの設定","遊戲控制器設定","게임 컨트롤러 구성","游戏控制器设置"
"Game controler is not available","ゲームコントローラが接続されていません","不可使用遊戲控制器","게임 컨트롤러를 사용할 수 없습니다.","游戏控制器未连接"
"gate-time","ゲートタイム","gate-time","게이트 시간","gate-time"
"Global Tempo","グローバルテンポ","Global Tempo","전체 템포","全局曲速"
"Go to the first","先頭へ移動","Go to the first","처음으로 이동","Go to the first"
"GoTo end marker","エンドマーカーへ移動","結束記號","끝 표식으로 이동","结束标记"
"Goto start marker","スタートマーカーへ移動","開始記號","시작 표식으로 이동","开始标记"
"Grid","グリッド","格","눈금","网格"
"Grid line","グリッドライン","格線","눈금선","网格线"
"Help","ヘルプ","幫助","도움말","帮助"
"Horizontal Scroll when Mouse wheel","マウスホイールで水平方向にスクロール","讓滑鼠滾輪向水平方向捲動","마우스 휠로 가로 스크롤","让鼠标滚轮以水平方向滚动"
"Icon palette","アイコンパレット","Icon palette","아이콘 팔레트","图标调色板"
"Icon Palette","アイコンパレット","Icon Palette","아이콘 팔레트","图标调色板"
"Import","読み込み","匯入","가져오기","导入"
"Import Basis","インポートの基準","Import Basis","기본 가져오기","导入Basis"
"Import lyric.","歌詞の流し込み","Import lyric.","가사를 가져옵니다.","导入歌词."
"Import lyrics","歌詞の流し込み","輸入歌詞","가사 가져오기","歌词输入"
"Import resampler","resamplerの登録","Import resampler","리샘플러 가져오기","导入采样"
"Import singer","原音の登録","Import singer","가수 가져오기","导入歌手"
"Import Standard MIDI.","Standard MIDIファイルをインポートする","Import Standard MIDI.","표준 MIDI를 가져옵니다.","导入标准MIDI."
"Import tempo from ReWire host.","ReWireホストからテンポをインポートする","Import tempo from ReWire host.","ReWire 호스트에서 템포를 가져옵니다.","从ReWire host导入曲速(tempo)."
"Import UTAU project","UTAUプロジェクトファイルをインポートする","Import UTAU project","UTAU 프로젝트를 가져옵니다.","打开UTAU工程文件"
"Import VSQ / VOCALOID MIDI.","VSQ / VOCALOID MIDIファイルをインポートする","Import VSQ / VOCALOID MIDI.","VSQ 또는 보컬로이드 MIDI를 가져옵니다.","导入 VSQ / VOCALOID MIDI."
"Import.","インポート","Import.","가져옵니다.","导入."
"Info","情報","Info","정보","Info"
"Info.","情報","Info.","정보를 보여줍니다.","信息."
"Info: This is test version of Cadencii version {0}","Info: Cadencii version {0} に向けた開発版です","Info: This is test version of Cadencii version {0}","정보: Cadencii 버전 {0}의 테스트 버전입니다","提示：这是测试Cadencii版本{0}版本"
"Input new name of track","新しいトラック名を入力してください","Input new name of track","트랙 새 이름 입력","Input new name of track"
"Input Offset Seconds","オフセット秒数を入力","Input Offset Seconds","오프셋 초 입력","输入延迟时间"
"input pre-measure","プリメジャー値を入力して下さい","input pre-measure","예비 소절 입력","input pre-measure"
"Insert bar.","小節を挿入","Insert bar.","막대를 넣습니다.","插入小节."
"Insert bars","小節の挿入","插入小節","막대 넣기","插入小节"
"Insert Bars","小節の挿入","插入小節","막대 넣기","插入小节"
"Insert lyrics","歌詞の流し込み","插入歌詞","가사 넣기","插入歌词"
"Insert Lyrics","歌詞の流し込み","插入歌詞","가사 넣기","插入歌词"
"Inserting start at pre-measure","プリメジャー位置から挿入","Inserting start at pre-measure","예비 소절에서 시작 넣기","插入开始预留时间量"
"Integer format error","整数の書式エラー","整數格式錯誤","정수 형식 오류","整数格式错误"
"Intensity","音量","Intensity","강도","Intensity"
"interval","間隔","interval","간격","间隔"
"Invalid MIDI file.","無効なMIDIファイルです","Invalid MIDI file.","잘못된 MIDI 파일입니다.","无效的MIDI文件."
"Invalid note data.
Track {0} : {1}

-> Piano roll : Blank sequence.","不正な音符データです. トラック {0} : {1}  -> ピアノロール : 空のシーケンスです.","錯誤的音符資訊. Track {0} : {1}  -> Piano roll : 空的 sequence.","잘못된 음표 데이터입니다.
트랙 {0} : {1}

-> 피아노 롤 : 빈 시퀀스.","错误的音符信息. Track {0} : {1}  -> Piano roll : 空的音序."
"invalid rendering region; start>=end","レンダリング区間が無効です; 開始位置>=終了位置","invalid rendering region; start>=end","잘못된 렌더링 영역; 시작>=끝","无效渲染区域;开始>=结束"
"Invalid value","無効な値","無效的數值","잘못된 값","无效的数值"
"Invalid VSQ/VOCALOID MIDI file","無効な VSQ/VOCALOID MIDIファイルです","Invalid VSQ/VOCALOID MIDI file","잘못된 VSQ/보컬로이드 MIDI 파일","无效的VSQ/VOCALOID MIDI文件"
"Invalid XVSQ file","無効なXVSQファイルです","Invalid XVSQ file","잘못된 XVSQ 파일","无效XVSQ文件"
"Invoke wavtool with Wine","Wine経由でwavtoolを起動する","Invoke wavtool with Wine","와인으로 wavtool 호출","在wine中调用wavtool"
"It seems some key-board sounds are missing. Do you want to re-generate them now?","鍵盤用の音源が幾つか見つかりません。今すぐに再生成しますか？","It seems some key-board sounds are missing. Do you want to re-generate them now?","일부 키보드 소리가 없는 것 같습니다. 다시 만드시겠습니까?","It seems some key-board sounds are missing. Do you want to re-generate them now?"
"Job","ジョブ","工作","작업","工程"
"Keep Lyric Input Mode","歌詞入力時のモードを維持","維持輸入歌詞時的模式","가사 입력 모드 유지","维持输入歌词时的模式"
"Keep Project Cache","プロジェクトごとのキャッシュを維持する","Keep Project Cache","프로젝트 캐시 유지","保持工程缓存"
"Key:","キー:","Key:","키:","Key:"
"Keyboard","キーボード","鍵盤","키보드","键盘"
"Left Control Point","左制御点","左控制點","왼쪽 제어 포인트","左控制点"
"Length","長さ","長度","길이","音符长度"
"Lengthen","音符を延長する","Lengthen","늘이기","音符长度"
"Lengthen note end to neighboring note.","音符の末尾を、直後の音符の先頭まで延長する","Lengthen note end to neighboring note.","음표의 끝을 다음 음표의 바로 앞까지 늘입니다.","延长音符长度至相邻音符."
"line","行","行","강도","行"
"Line","ライン","直線","선","线"
"List of vibrato preset","定義済みビブラートのリスト","List of vibrato preset","떨림 미리 설정 목록","List of vibrato preset"
"Load","読み込む","Load","불러오기","载入"
"Load Default","デフォルトを読込む","Load Default","기본값 불러오기","读取默认值"
"Log","ログ","Log","기록","日志"
"Log file has not generated yet.","ログファイルが未だ作成されていません","Log file has not generated yet.","기록 파일이 아직 만들어지지 않았습니다.","Log file has not generated yet."
"Lyric","歌詞","Lyric","가사","歌词"
"Lyrics","歌詞","歌詞","가사","歌词"
"Lyrics/Phoneme","歌詞/発音記号","歌詞/發音記號","가사/독음","歌词/发音标记"
"Manual","マニュアル","Manual","설명서","手册"
"Master Track","マスタートラック","Master Track","마스터 트랙","主音轨"
"Master Tuning in Cent","マスターチューニング(単位：Cent)","Master Tuning in Cent","센트에 마스터 튜닝","精细调音(单位:Cent)"
"Maximum Frame Rate","最大フレームレート","最大影格數","최대 프레임 속도","最大帧数"
"Measure","小節","小節","소절","小节"
"Menu / Lyrics","メニュー・歌詞","選單 / 歌詞","메뉴/가사","菜单/歌词"
"Metatext for vConnect","vConnect用メタテキスト","Metatext for vConnect","vConnect용 메타 텍스트","Metatext for vConnect"
"Midi Export","Midiエクスポート","輸出Midi","MIDI 내보내기","导出Midi"
"MIDI Format(*.mid)|*.mid","MIDIフォーマット(*.mid)|*.mid","MIDI Format(*.mid)|*.mid","MIDI 형식(*.mid)|*.mid","MIDI 格式(*.mid)|*.mid"
"Midi Import","Midiインポート","輸入Midi","MIDI 가져오기","导入Midi"
"MIDI In Port Number","MIDI In ポート番号","MIDI In Port Number","MIDI In 포트 번호","MIDI 端口号"
"Minimize","しまう","Minimize","최소화","Minimize"
"Minimum note length for Automatic Vibrato","オートビブラートが有効な最小の音符の長さ","可使用自動Vibrato的最短音符長度","자동 떨림의 최소 음표 길이","可使用自动颤音的最短音符长度"
"minute(s)","分","minute(s)","분","分钟"
"Misc","その他","Misc","기타","杂项"
"Mixer","ミキサー","混音器","믹서","混音器"
"Modifier:","修飾キー:","Modifier:","보조키:","Modifier:"
"Moduration","モジュレーション","Moduration","변조","变调(Moduration)"
"Monoral","モノラル","Monoral","모노","Monoral"
"Mouse wheel Rate","マウスホイール時の移動速度","滑鼠滾動比率","마우스 휠 속도","鼠标滚动比率"
"Move backwared","ソングポジションを後退させる","Move backwared","뒤로 이동","Move backwared"
"Move down","音符を下へ移動","Move down","아래로 이동","Move down"
"Move forward","ソングポジションを前進させる","Move forward","앞으로 이동","Move forward"
"Move left","音符を左へ移動","Move left","왼쪽으로 이동","Move left"
"Move right","音符を右へ移動","Move right","오른쪽으로 이동","Move right"
"Move to beginning measure","曲の最初に移動","Move to beginning measure","소절 시작으로 이동","Move to beginning measure"
"Move to end measure","曲の最後に移動","Move to end measure","소절 끝으로 이동","Move to end measure"
"Move up","音符を上へ移動","Move up","위로 이동","Move up"
"MTC MIDI In Port Number","MTC用のMIDI In ポート番号","MTC MIDI In Port Number","MTC MIDI In 포트 번호","MTC MIDI 端口号"
"MusicXML(*.xml)|*.xml","MusicXML(*.xml)|*.xml","MusicXML(*.xml)|*.xml","음악XML(*.xml)|*.xml","MusicXML(*.xml)|*.xml"
"Name","名前","Name","이름","名称"
"Navigation","ナビゲーション","Navigation","탐색","导航"
"New","新規","開新檔案","새로 만들기","新建"
"New version {0} is available.","新しいバージョン {0} がダウンロードできます。","New version {0} is available.","New version {0} is available.","New version {0} is available."
"Next control curve","次のコントロールカーブへ","Next control curve","다음 제어 곡선","下一曲线"
"Next track","次のトラックへ","Next track","다음 트랙","下一轨"
"No","いいえ","No","아니요","否"
"Normal","通常","Normal","일반","正常"
"Normalize notes","音符のノーマライズ","音符正規化(去除音符重疊)","겹친 음표 고치기","音符正规化(去除音符重叠)"
"Note","音符","Note","음표","音符"
"Note expression property","音符の表情プロパティ","音符表情參數","음표 표현 속성","音符表情属性"
"Note Expression Property","音符の表情プロパティ","音符表情參數","음표 표현 속성","音符表情属性"
"Note expression/vibrato","音符の表情/ビブラート","音符表現/Vibrato","음표 표현/떨림","音符表情/颤音"
"Note Fixed Length","固定長音符入力","輸入固定長度的音符","음표 고정 길이","输入固定长度的音符"
"Note Property","音符のプロパティ","Note Property","음표 속성","音符特性"
"Note Shift","音符のシフト","Note Shift","음표 시프트","Note Shift"
"Note vibrato property","音符のビブラートプロパティ","音符Vibrato參數","음표 떨림 속성","音符颤音属性"
"Note Vibrato Property","音符のビブラートプロパティ","音符Vibrato參數","음표 떨림 속성","音符颤音属性"
"Note#","ノートナンバー","Note#","음표 번호","音符#"
"Notes","音符","Notes","음표","音符"
"Notice","注意事項","Notice","Notice","Notice"
"now synthesizing...","合成中...","合成中...","합성 중...","合成中..."
"Off","オフ","關閉","해제","关闭"
"offset","オフセット","offset","오프셋","偏移量"
"OK","OK","OK","확인","确认"
"Open","開く","開啟舊檔","열기","打开"
"Open Cadencii project.","Cadenciiプロジェクトを開く","Open Cadencii project.","Cadencii 프로젝트를 엽니다.","打开Cadencii工程."
"Open configuration dialog for editor configs","エディタの設定画面を開きます","Open configuration dialog for editor configs","Cadencii의 구성을 위한 대화 상자를 엽니다.","Open configuration dialog for editor configs"
"Open configuration dialog for phonetic symnol dictionaries","発音記号の辞書についての設定ダイアログを開きます","Open configuration dialog for phonetic symnol dictionaries","발음 기호 사전을 구성하는 대화 상자를 엽니다.","Open configuration dialog for phonetic symnol dictionaries"
"Open configuration dialog for shortcut key","ショートカットキーの設定画面を開きます","Open configuration dialog for shortcut key","바로 가기 키를 구성하는 대화 상자를 엽니다.","Open configuration dialog for shortcut key"
"Open configuration dialog for vibrato preset","定義済みビブラートの設定ダイアログを開く","Open configuration dialog for vibrato preset","떨림 미리 설정을 구성하는 대화 상자를 엽니다.","Open configuration dialog for vibrato preset"
"Open Recent","最近使った項目を開く","Open Recent","최근 열어본 목록","最近打开"
"Open UTAU project and create new project.","UTAUプロジェクトから、新しいプロジェクトを作成する","Open UTAU project and create new project.","UTAU 프로젝트를 열고 새 프로젝트를 만듭니다.","打开UTAU工程并新建工程."
"Open UTAU project file","UTAUプロジェクトファイルを開く","Open UTAU project file","UTAU 프로젝트 파일 열기","打开UTAU工程文件"
"Open VSQ / VOCALOID MIDI and create new project.","VSQ / VOCALOID MIDIから、新しいプロジェクトを作成する","Open VSQ / VOCALOID MIDI and create new project.","VSQ 또는 보컬로이드 MIDI를 열고 새 프로젝트를 만듭니다.","打开 VSQ/VOCALOID MIDI并新建工程."
"Open VSQX/VSQ/Vocaloid MIDI","VSQX/VSQ/Vocaloid Midiを開く","Open VSQX/VSQ/Vocaloid MIDI","Open VSQX/VSQ/Vocaloid MIDI","Open VSQX/VSQ/Vocaloid MIDI"
"Open VSTi plugin window","VSTiプラグイン画面を開く","Open VSTi plugin window","VSTi 플러그인 창을 엽니다.","打开VSTi插件窗口"
"Operation","操作","操作","작업","操作"
"Option","オプション","選項","설정","选项"
"Other","その他","Other","기타","其它"
"Overlap","オーバーラップ","Overlap","겹치기","重叠"
"Overlay","オーバーレイ","覆蓋","오버레이","覆盖"
"Palette Tool","パレットツール","Palette Tool","팔레트 도구","调音板"
"Palette tool '{0}' reported an error.
Please copy the exception text and report it to developper.","パレットツール '{0}' がエラーを返しました
以下のエラーテキストを開発者に報告してください．","Palette tool '{0}' reported an error.
Please copy the exception text and report it to developper.","팔레트 도구 '{0}' 에서 오류를 보고 했습니다.
예외 텍스트를 복사하여 개발자에게 보내주십시오.","Palette tool '{0}' reported an error.
Please copy the exception text and report it to developper."
"Paste","貼り付け","貼上","붙여넣기","粘贴"
"Paste copied items to current song position.","現在のソングポジションに、コピーしたアイテムを貼り付ける","Paste copied items to current song position.","복사된 항목을 현재 노래 위치에 붙여 넣습니다.","粘贴复制的项目至当前位置."
"patchwork","パッチワーク","patchwork","패치워크","patchwork"
"path","ファイルの場所","path","경로","path"
"Path","ディレクトリ","Path","경로","路径"
"Path:","パス:","Path:","경로:","Path:"
"Pattern","パターン","Pattern","패턴","Pattern"
"Pencil","鉛筆","鉛筆","연필","铅笔"
"Phoneme transformation","発音記号変換","發音記號轉換","독음 변환","发音记号转换"
"Phonetic Symbol","発音記号","Phonetic Symbol","발음 기호","发音记号"
"Phrase","歌詞","Phrase","문구","歌词"
"Piano Roll","ピアノロール","Piano Roll","피아노 롤","钢琴卷轴窗口"
"Pitch Control","ピッチコントロール","音高控制","피치 제어","音高控制"
"Pitch Fluctuation","ピッチ変動","Pitch Fluctuation","피치 파동","Pitch Fluctuation"
"Pitch line","ピッチ曲線","Pitch line","피치 선","高音曲线"
"Platform","実行環境","使用平台","플랫폼","环境"
"Play","再生","Play","재생","播放"
"Play from start marker","スタートマーカーから再生","Play from start marker","시작 표식에서 재생","启用/禁用起始标记"
"Play Preview On Right Click","右クリックでプレビュー再生する","按右鍵演奏預覽音","오른쪽 누르기로 미리 보기 재생","按右键演奏预览音"
"play-time","演奏時間","play-time","재생 시간","play-time"
"Pointer","矢印","Pointer","포인터","指针"
"Position","位置","位置","위치","位置"
"Pre Utterance","先行発音","Pre Utterance","미리 발성","预置发音"
"Preference","プリファレンス","選項","기본 설정","选项"
"Pre-measure","プリメジャー","Pre-measure","예비 소절","Pre-measure"
"Pre-Send time","プリセンドタイム","Pre-Send time","예비 발음 시간","预置输送时间"
"Preview","プレビュー","Preview","미리 보기","预览"
"Previous control curve","前のコントロールカーブへ","Previous control curve","이전 제어 곡선","上一曲线"
"Previous track","前のトラックへ","Previous track","이전 트랙","上一轨"
"Problem Details","エラーの詳細","Problem Details","Problem Details","Problem Details"
"Problem Report for Cadencii","Cadenciiエラーレポートの送信","Problem Report for Cadencii","Problem Report for Cadencii","Problem Report for Cadencii"
"Program Change","プログラムチェンジ","Program Change","프로그램 바꾸기","程序更改"
"Property window","プロパティウィンドウ","Property Window","속성 창","窗口属性"
"Push buttons in turn as shown below","下図の順にボタンを押してください","Push buttons in turn as shown below","아래 표시 된 것과 같이 차례로 버튼을 누르십시오","按下图顺序按按键"
"Quantize","クオンタイズ","Quantize","끊어적기","节拍"
"Quit","終了","結束","끝내기","退出"
"Randomize","ランダマイズ","Randomize","무작위","随机"
"Randomize items.","アイテムをランダマイズする","Randomize items.","항목을 무작위로 섞습니다.","随机化音符."
"Rate curve","Rateカーブ","Rate curve","속도 곡선","Rate curve"
"Read and compile all scripts and update the list of them","ユーザースクリプトの読み込みとコンパイルを行います","Read and compile all scripts and update the list of them","모든 스크립트를 읽고 컴파일한 뒤 목록을 업데이트합니다.","Read and compile all scripts and update the list of them"
"Recent projects.","最近使ったプロジェクト","Recent projects.","최근 프로젝트입니다.","历史工程."
"Redo","やり直し","重複","다시하기","重做"
"Redo.","やり直し","Redo.","다시 실행합니다.","重做."
"Reload VSTi dll.","VSTi DLLをリロード","Reload VSTi dll.","VSTi dll을 다시 불러옵니다.","重载 VSTi dll."
"Remove","削除","Remove","지우기","移除"
"remove '{0}'?","'{0}'を取り除きますか?","remove '{0}'?","'{0}'을 지우시겠습니까?","移除 '{0}'?"
"Rename track","トラック名の変更","重新命名Track","트랙 이름 바꾸기","重命名音轨"
"Rename Track","トラック名の変更","重新命名Track","트랙 이름 바꾸기","重命名音轨"
"Render all tracks","全てのトラックを合成","Render all tracks","모든 트랙 렌더링","合并所有音轨"
"Render All Tracks","全てのトラックを合成","合成所有的音軌","모든 트랙 렌더링","合成所有音轨"
"Render all tracks.","全てのトラックを合成","Render all tracks.","모든 트랙을 렌더링합니다.","合并所有音轨."
"Render current track","現在のトラックを合成","Render current track","현재 트랙 렌더링","合并当前音轨"
"Render Current Track","現在のトラックを合成","合成目前這個音軌","현재 트랙 렌더링","合成当前音轨"
"Render current track.","現在のトラックを合成","Render current track.","현재 트랙을 렌더링합니다.","合并当前音轨."
"Renderer","歌声合成エンジン","Renderer","렌더러","渲染"
"Repeat","リピート","Repeat","반복","Repeat"
"Reset And Exit","デフォルト値にリセット","Reset And Exit","초기화 및 끝내기","重启并退出"
"Resolution","分解能","解析度","해상도","解析度"
"Resolution(VSTi)","分解能(VSTi)","解析度(VSTi)","해상도(VSTi)","解析度(VSTi)"
"Restart Cadencii to complete your changes
(restart will NOT be automatically done)","変更を適用するにはCadenciiを再起動してください
(再起動は自動では行われません)","Restart Cadencii to complete your changes
(restart will NOT be automatically done)","바뀐 내용을 적용하려면 Cadencii를 다시 시작해야 합니다
(자동으로 다시 시작하지 않습니다)","Restart Cadencii to complete your changes
(restart will NOT be automatically done)"
"Resulting pitch bend","結果のピッチベンド","Resulting pitch bend","피치 벤드 결과","Resulting pitch bend"
"Revert","元に戻す","Revert","원래대로","还原"
"Right Control Point","右制御点","右控制點","오른쪽 제어 포인트","右控制点"
"Sample rate","サンプリングレート","Sample rate","샘플 속도","Sample rate"
"Save","保存","儲存檔案","저장","保存"
"Save as","名前をつけて保存","另存新檔","다른 이름으로 저장","另存为"
"Save current project with new name.","このプロジェクトを新しいファイル名で保存","Save current project with new name.","현재 프로젝트를 새 이름으로 저장합니다.","另存当前工程."
"Save current project.","このプロジェクトを保存","Save current project.","현재 프로젝트를 저장합니다.","保存当前工程."
"Save this sequence?","このシーケンスを保存しますか？","請問要將這個序列存檔嗎？","이 시퀀스를 저장하시겠습니까?","保存音序?"
"Screen","スクリーン","畫面","화면","屏幕"
"Script","スクリプト","腳本","스크립트","脚本"
"Script aborted","スクリプトの実行が中断されました","略過腳本","스크립트 중단","忽略脚本"
"Script compilation failed.","スクリプトのコンパイルに失敗しました","腳本編譯失敗","스크립트 컴파일에 실패했습니다.","脚本编辑失败"
"Script Compilation Result","スクリプトのコンパイル結果","腳本編譯結果","스크립트 컴파일 결과","脚本编译结果"
"Script runtime error:","スクリプト実行エラー:","Script runtime error:","스크립트 런타임 오류:","脚本运行错误:"
"sec","秒","sec","초","秒"
"seconds","秒","seconds","초","秒"
"Select","選択","Select","Select","Select"
"Select All","全てを選択","全選","모두 선택","全选"
"Select all events","全てのイベントを選択","選取所有事件","모든 이벤트 선택","选择所有事件"
"Select All Events","全てのイベントを選択","選取所有事件","모든 이벤트 선택","选择所有事件"
"Select all items and control curves of current track.","現在のトラックの、全ての音符とコントロールカーブを選択する","Select all items and control curves of current track.","현재 트랙의 모든 항목 및 제어 곡선을 선택합니다.","选择当前音轨的所有项目与控制曲线."
"Select all items of current track.","現在のトラックの全ての音符を選択する","Select all items of current track.","현재 트랙의 모든 항목을 선택합니다.","选择所有项目与控制曲线."
"Select backward","1個前の音符を選択","Select backward","이전 선택","刪除小节"
"Select destination directory","出力先のディレクトリを選択して下さい","Select destination directory","Select destination directory","Select destination directory"
"Select forward","1個後ろの音符を選択","Select forward","이후 선택","Select forward"
"Select from","以下から選択","Select from","에서 선택","Select from"
"Select oto.ini file of source UTAU database","変換元の UTAU DB の oto.ini ファイルを指定してください","Select oto.ini file of source UTAU database","Select oto.ini file of source UTAU database","Select oto.ini file of source UTAU database"
"Select Singer Directory","音源のディレクトリを選択してください","選擇歌手資料夾","가수 디렉터리 선택","选择歌手文件夹"
"Select voice synthesis engine.","歌声合成エンジンを選択","Select voice synthesis engine.","음성 합성 엔진을 선택합니다.","选择声音合成引擎."
"Send to Developper","開発者に送信する","Send to Developper","Send to Developper","Send to Developper"
"Sequence","シーケンス","Sequence","시퀀스","音序"
"Sequence config","シーケンスの設定","Sequence config","시퀀스 구성","音序配置"
"Serial numbered WAVEs","連番WAVE","Serial numbered WAVEs","일련번호가 매겨진 WAVE","Serial numbered WAVEs"
"Set end marker","エンドマーカーを設定","Set end marker","끝 표식 설정","Set end marker"
"Set Offset Seconds","オフセット秒数を設定","Set Offset Seconds","오프셋 초 설정","设定偏移时间"
"Set start marker","スタートマーカーを設定","Set start marker","시작 표식 설정","Set start marker"
"Setting","設定","設定","설정","设置"
"Shortcut Config","ショートカットキーの設定","快捷設定","바로 가기 구성","快捷设定"
"Shortcut key","ショートカットキー","快捷鍵","바로 가기 키","快捷键"
"Shortcut Key","ショートカットキー","快捷鍵","바로 가기 키","快捷键"
"Shorten","音符を短縮する","Shorten","짧은","快捷键"
"Show background items.","バックに他のトラックのアイテムを表示する","Show background items.","배경 항목을 보여줍니다.","显示背景音符."
"Show/Hide control curves.","コントロールカーブを表示/非表示","Show/Hide control curves.","제어 곡선을 보이거나 숨깁니다.","显示/隐藏控制曲线."
"Show/Hide expression lines.","表情線を表示/非表示","Show/Hide expression lines.","표현 선을 보이거나 숨깁니다.","显示/隐藏表情(expression)线."
"Show/Hide Grid Line","グリッドライン　表示/非表示","顯示/隱藏 Grid Line","눈금선 보이기/숨기기","显示/隐藏网格线"
"Show/Hide grid line.","グリッドラインを表示/非表示","Show/Hide grid line.","눈금선을 보이거나 숨깁니다.","显示/隐藏网格线."
"Show/Hide icon palette","アイコンパレットを表示/非表示","Show/Hide icon palette","아이콘 팔레트를 보이거나 숨깁니다.","显示/隐藏图标调色板"
"Show/Hide lyrics.","歌詞を表示/非表示","Show/Hide lyrics.","가사를 보이거나 숨깁니다.","显示/隐藏歌词."
"Show/Hide mixer window.","ミキサーウィンドウを表示/非表示","Show/Hide mixer window.","믹서 창을 보이거나 숨깁니다.","显示/隐藏混音器界面."
"Show/Hide navigation view","ナビゲーションを表示/非表示","Show/Hide navigation view","탐색을 보이거나 숨깁니다.","显示/隐藏导航视图"
"Show/Hide pitch bend lines.","ピッチベンド曲線を表示/非表示","Show/Hide pitch bend lines.","피치 벤드 선을 보이거나 숨깁니다.","显示/隐藏高音弯曲(PIT)线."
"Show/Hide property window.","プロパティウィンドウを表示/非表示","Show/Hide property window.","속성 창을 보이거나 숨깁니다.","显示/隐藏属性窗口."
"Show/Hide waveform.","波形を表示/非表示","Show/Hide waveform.","파형을 보이거나 숨깁니다.","显示/隐藏波形图."
"Singing style defaults","デフォルト歌唱スタイル","預設唱法","노래 스타일 기본값","默认歌手风格"
"Skip","スキップ","跳過","건너뛰기","跳过"
"Smooth","滑らかにする","平滑化","부드럽게","平滑"
"Start","始点","起點","시작","起始"
"Start After Premeasure","プリメジャー後に開始","Start After Premeasure","예비 소절 뒤 시작","从前置小节后开始"
"Start lyric input","歌詞の入力に移行","Start lyric input","가사 입력 시작","开始歌词输入"
"Start marker","スタートマーカー","開始記號","시작 표식","开始标记"
"StartPoint","StartPoint","StartPoint","시작점","StartPoint"
"Stereo","ステレオ","Stereo","스테레오","Stereo"
"Stop","停止","Stop","중지","停止"
"Synthesize","合成","合成","합성","合成"
"Synthesizer","シンセサイザー","Synthesizer","신디사이저","合成器"
"Synthesizer DLL Usage","合成DLLの利用","Synthesizer DLL Usage","신디사이저 DLL 사용","合成器DLL使用"
"Template","テンプレート","範本","서식","示例"
"Tempo","テンポ","節奏","템포","曲速"
"Text File(*.txt)|*.txt","テキストファイル(*.txt)|*.txt","Text File(*.txt)|*.txt","텍스트 파일(*.txt)|*.txt","文本文件(*.txt)|*.txt"
"th bar","小節目","小節","th 막대","小节"
"These singers and resamplers are not registered to Cadencii.
Check the box if you want to register them.","以下の原音とresamplerはCadenciiに登録されていません
登録するものにチェックを入れてください","These singers and resamplers are not registered to Cadencii.
Check the box if you want to register them.","이 가수 및 리샘플러 가 Cadencii에 등록되어 있지 않습니다.
등록하려면 해당 확인란을 선택하십시오.","These singers and resamplers are not registered to Cadencii.
Check the box if you want to register them."
"This process will create a copy of source UTAU DB.

Please make sure that you are not in violation of the license terms of the DB.","この処理によって変換元UTAU音源のコピーが作成されます。

音源のライセンス・使用規約に違反しないよう気をつけてください。","This process will create a copy of source UTAU DB.

Please make sure that you are not in violation of the license terms of the DB.","This process will create a copy of source UTAU DB.

Please make sure that you are not in violation of the license terms of the DB.","This process will create a copy of source UTAU DB.

Please make sure that you are not in violation of the license terms of the DB."
"To","終点","終點","받는","终止"
"Tools","ツール","Tools","Tools","Tools"
"track","トラック","track","트랙","音轨"
"Track","トラック","Track","트랙","音轨"
"Track Height (pixel)","トラックの描画高さ (ピクセル)","Track的高度 (pixel)","트랙 높이 (픽셀)","音轨高度(像素)"
"Track on","トラックオン","Track On","트랙","音轨 开"
"Track On","トラックオン","Track On","트랙","音轨 开"
"Track Property","トラックプロパティ","Track Property","트랙 속성","音轨属性"
"Translate all phrase into phonetic symbol","全ての歌詞を発音記号に変換します","Translate all phrase into phonetic symbol","발음 기호로 모든 문구를 번역합니다.","Translate all phrase into phonetic symbol"
"Translate Roman letters into Kana","ローマ字をひらがなに変換する","把羅馬字母改成假名","로마자를 가나로 번역","把罗马字母改成假名"
"Triplet","三連符","三連音符","셋잇단음표","三连音符"
"UI Language","UI言語","UI語言","UI 언어","界面语言"
"Uncheck All","全てのチェックを外す","全部取消選取","모두 선택 안 함","反向选择"
"Undo","元に戻す","復原","되돌리기","撤销"
"Undo.","元に戻す","Undo.","이전 작업을 되돌립니다.","撤消."
"Unknown singers and resamplers","未登録の原音とresampler","Unknown singers and resamplers","알 수 없는 가수 및 리샘플러","未知歌手和采样"
"Up","上へ","上","위로","上"
"Update script list","スクリプト一覧を更新","更新腳本清單","스크립트 목록 업데이트","更新脚本列表"
"Up-Portamento","上行形でポルタメント","Up-Portamento","위로 - 포르타멘토","上行滑音"
"Use space key as Middle button modifier","スペースキーを、マウス中ボタンの修飾キーとして使う","Use space key as Middle button modifier","스페이스 키를 마우스 가운데 버튼의 보조키로 사용","把空格键作为鼠标中键使用"
"User Defined","ユーザー定義","User Defined","사용자 정의","用户自定义"
"User Dictionary Configuration","ユーザ辞書の設定","使用者辭典設定","사용자 사전 구성","用户字典设定"
"User word dictionary","ユーザー辞書","使用者辭典","사용자 단어 사전","用户字典"
"UTAU","UTAU","UTAU","UTAU","UTAU"
"UTAU Cores","UTAUコア","UTAU 核心","UTAU 코어","UTAU核心"
"UTAU DB Converter for vConnect-STAND","UTAU DBをvConnect-STAND用DBに変換","UTAU DB Converter for vConnect-STAND","UTAU DB Converter for vConnect-STAND","UTAU DB Converter for vConnect-STAND"
"UTAU project file","UTAUプロジェクトファイル","UTAU 專案","UTAU 프로젝트 파일","UTAU 工程文件"
"UTAU Script Format(*.ust)|*.ust","UTAUスクリプト形式(*.ust)|*.ust","UTAU 腳本格式(*.ust)|*.ust","UTAU 스크립트 형식(*.ust)|*.ust","UTAU 脚本格式(*.ust)|*.ust"
"UTAU singer not registered yet.
Continue ?","UTAUの原音が登録されていません
続けますか?","UTAU singer not registered yet.
Continue ?","UTAU 가수가 아직 등록되지 않았습니다.
계속하시겠습니까?","UTAU歌手尚未注册.
是否继续?"
"UTAU Singers","UTAU音源","UTAU 歌手","UTAU 가수","UTAU歌手"
"Value","値","數值","값","数值"
"vConnect-STAND","vConnect-STAND","vConnect-STAND","vConnect-STAND","vConnect-STAND"
"Velocity","ベロシティ","Velocity","속도","速度(VEL)"
"Vibrato","ビブラート","Vibrato","떨림","颤音"
"Vibrato length","ビブラート長","Vibrato長度","떨림 길이","颤音长度"
"Vibrato Length","ビブラート長","Vibrato 長度","떨림 길이","颤音长度"
"Vibrato preset","定義済みビブラート","Vibrato preset","떨림 미리 설정","颤音预置"
"Vibrato property","ビブラートプロパティ","Vibrato屬性","떨림 속성","颤音属性"
"Vibrato Type","ビブラートの種類","Vibrato的種類","떨림 유형","颤音类型"
"View","表示","檢視","보기","查看"
"Visible Control Curve","表示するコントロールカーブ","要表示的控制曲線","보이는 제어 곡선","显示控制曲线"
"Visual","表示","Visual","보이는 대로","Visual"
"VOCALOID Editor Compatible","VOCALOID Editor互換","VOCALOID Editor Compatible","보컬로이드 에디터 호환","兼容VOCALOID Editor"
"vocaloid NRPN","vocaloid NRPN","vocaloid NRPN","보컬로이드 NRPN","vocaloid NRPN"
"VOCALOID1","VOCALOID1","VOCALOID1","VOCALOID1","VOCALOID1"
"VOCALOID2","VOCALOID2","VOCALOID2","VOCALOID2","VOCALOID2"
"VSQ / Vocaloid Midi","VSQ / Vocaloid Midi","VSQ / Vocaloid Midi","VSQ/보컬로이드 MIDI","VSQ / Vocaloid Midi"
"VSQ File","VSQファイル","VSQ File","VSQ File","VSQ File"
"VSQ Format(*.vsq)|*.vsq","VSQフォーマット(*.vsq)|*.vsq","VSQ 格式(*.vsq)|*.vsq","VSQ 형식(*.vsq)|*.vsq","VSQ 格式(*.vsq)|*.vsq"
"VSQ/Vocaloid Midi Import","VSQ/Vocaloid Midiのインポート","VSQ/Vocaloid Midi Import","VSQ/보컬로이드 MIDI 가져오기","导入VSQ/Vocaloid Midi"
"VSQX File","VSQXファイル","VSQX File","VSQX File","VSQX File"
"VSQX Format(*.vsqx)|*.vsqx","VSQXフォーマット(*.vsqx)|*.vsqx","VSQX 格式(*.vsq)|*.vsq","VSQX Format(*.vsqx)|*.vsqx","VSQX 格式(*.vsq)|*.vsq"
"VSTi plugin UI","VSTiプラグイン画面","VSTi plugin UI","VSTi 플러그인 UI","VSTi插件界面"
"Waiting Time","待機時間","待機時間","대기 시간","等待时间"
"Waiting Time for Preview","プレビューまでの待機時間","預覽前的待機時間長","미리 보기 대기 시간","预览前的待机时间长"
"WAVE","WAVE","WAVE","WAVE","WAVE"
"Wave Export","Waveファイルの書き出し","輸出Wave檔","웨이브 내보내기","导出Wave文件"
"Wave File Output","Waveファイル出力","Wave File Output","웨이브 파일 출력","Wave文件输出"
"Wave File(*.wav)|*.wav","Waveファイル(*.wav)|*.wav","Wave檔案(*.wav)|*.wav","웨이브 파일(*.wav)|*.wav","Wave文件(*.wav)|*.wav"
"Waveform","波形を表示","表示波形","파형","波形图"
"Window","ウィンドウ","Window","창","Window"
"Would you like to change singer style for all events?","全ての音符の表情データを変更しますか？","要改變所有音符的表現資料嗎？","모든 이벤트의 가수 스타일을 바꾸시겠습니까?","要改变所有音符的表现资料吗？"
"XML-VSQ Format(*.xvsq)|*.xvsq","XML-VSQフォーマット(*.xvsq)|*.xvsq","XML-VSQ 格式(*.xvsq)|*.xvsq","XML-VSQ 형식(*.xvsq)|*.xvsq","XML-VSQ 格式(*.xvsq)|*.xvsq"
"Yes","はい","Yes","예","是"
